{
    "Timer": {
        "分のx座標": -52.0,
        "数字のy座標": 300.0,
        "数字のスケール": 60.0,
        "点々のスケール": 12.0,
        "点々のポジション": [
            -20.0,
            300.0
        ],
        "点々の間隔": 13.699999809265137,
        "秒のx座標": 40.0,
        "秒の間隔": 26.93000030517578
    }
}
